"id";"submitdate";"TT1";"TT1[comment]";"TT2";"TT3[SQ003]";"TT3[SQ002]";"TT3[SQ005]";"TT3[SQ001]";"TT3[SQ006]";"TT3[SQ004]";"TT4";"KD1";"SP1";"AB1";"AB2";"AB3";"AB4";"SPL1";"SPL2";"Z1[SQ002]";"Z1[SQ001]";"Z1[SQ004]";"Z1[SQ005]";"Z1[SQ003]";"Z2";"PSS1[SQ001]";"PSS1[SQ003]";"PSS1[SQ002]";"PSS1[SQ004]";"PSS1[SQ005]";"PSS1[SQ006]";"PSS1[SQ007]";"PSS1[other]";"PSS2[SQ001]";"PSS2[SQ002]";"PSS2[SQ004]";"PSS2[SQ003]";"PSS3";"PSS4[SQ001]";"PSS4[SQ002]";"A1";"A2";"A3";"A4";"interviewtime";"groupTime5801";"TT1Time";"TT2Time";"TT3Time";"TT4Time";"groupTime5804";"KD1Time";"groupTime5803";"SP1Time";"groupTime5805";"AB1Time";"AB2Time";"AB3Time";"AB4Time";"groupTime5810";"SPL1Time";"SPL2Time";"groupTime5802";"Z1Time";"Z2Time";"groupTime5811";"PSS1Time";"PSS2Time";"PSS3Time";"PSS4Time";"groupTime5812";"A1Time";"A2Time";"A3Time";"A4Time"
"11";"";"";"";"";"";"";"";"";"";"";"";"";"";"";"";"";"";"";"";"";"";"";"";"";"";"N/A";"N/A";"N/A";"N/A";"N/A";"N/A";"N/A";"";"";"";"";"";"";"";"";"";"";"";"";"0";"";"";"";"";"";"";"";"";"";"";"";"";"";"";"";"";"";"";"";"";"";"";"";"";"";"";"";"";"";""
"12";"2020-07-08 18:50:07";"Nein";"";"Eher wichtig";"Sehr viel";"Eher wenig";"Überhaupt nicht";"Überhaupt nicht";"Überhaupt nicht";"Überhaupt nicht";"Einige Dozenten hatten kein vernünftiges Mikro sodass man diese nicht gut verstehen konnte. Das ist auf Dauer sehr anstrengend. ";"Die Verfügbarkeit hat sich etwas erhöht";"Ich habe in allen der Veranstaltungen einen Platz erhalten";"Ich konnte die meisten der Veranstaltungen besuchen";"Ja, sie hat sich stark erhöht";"Ja, er hat sich stark erhöht";"Die tatsächliche Arbeitsbelastung ist viel höher als die angesetzte";"Mehr Klarheit über Studienleistungen. Weniger Referate da es anstrengend ist zuzuhören wenn die Internetverbindung oder das Mikro schlecht sind ";"Keine Antwort";"Habe immer Zugang dazu";"Habe immer Zugang dazu";"Habe immer Zugang dazu";"Habe immer Zugang dazu";"Habe immer Zugang dazu";"";"Ja";"N/A";"N/A";"N/A";"N/A";"N/A";"N/A";"";"Hat sich stark erhöht";"Hat sich stark erhöht";"Hat sich etwas erhöht";"Hat sich stark verringert";"Ich bin im Studium weder überfordert, noch unterfordert";"Trifft vollkommen zu";"Keine Antwort";"Eher zufrieden";"Keine Antwort";"Hoffentlich wieder online. Bisschen besser strukturiert. Bessere Mikrofone. Weniger Abgaben. Keine Referate. ";"Es wäre schön wenn sich die Dozenten auf Plattformen einigen. Es war jeden Tag wieder ein Rätsel wo die Veranstaltung stattfindet, wo die Hausaufgaben sind, wo die Folien, wann die abgabenfrist ist. Es wurden riot, Zoom (gleiche Meeting id vs jede Woche neue), discord, idh Lehre, ilias, YouTube .... 

Außerdem war der Aufwand an Hausaufgaben extrem hoch! Es waren sehr sehr viele Abgaben. 

Beim wählen der Kurse fanden leider viele Kurse zur gleichen Zeit statt. Ein besseres Timing wäre sehr schön, da man zumeist eh nicht so viele Kurse wählen kann, da so gut wie alle Kurse in allen Modulen angeboten werden. ";"770.45";"160.22";"";"";"";"";"11.39";"";"11.05";"";"49.68";"";"";"";"";"80.82";"";"";"21.21";"";"";"60.36";"";"";"";"";"375.72";"";"";"";""
"13";"2020-07-08 18:45:03";"Ja";"Google Drive";"Eher wichtig";"Eher wenig";"Eher viel";"Eher wenig";"Eher wenig";"Eher wenig";"Eher wenig";"";"Die Verfügbarkeit hat sich etwas erhöht";"Ich habe in allen der Veranstaltungen einen Platz erhalten";"Ich konnte alle der Veranstaltungen besuchen";"Ja, sie hat sich etwas erhöht";"Nein, er ist gleich geblieben";"Die tatsächliche Arbeitsbelastung ist etwas höher als die angesetzte";"";"Keine Antwort";"Habe meistens Zugang dazu";"Habe immer Zugang dazu";"Habe immer Zugang dazu";"Habe immer Zugang dazu";"Habe immer Zugang dazu";"";"Ja";"N/A";"N/A";"N/A";"N/A";"N/A";"N/A";"";"Hat sich etwas verringert";"Hat sich etwas verringert";"Hat sich nicht verändert";"Hat sich nicht verändert";"Ich bin mit dem Studium etwas überfordert";"Keine Antwort";"Keine Antwort";"Vollkommen zufrieden";"Ja, das Semester war genau so wie erwartet";"";"";"268.93";"79.27";"";"";"";"";"12.58";"";"9.81";"";"27.43";"";"";"";"";"31.52";"";"";"20.32";"";"";"61.77";"";"";"";"";"26.23";"";"";"";""
"14";"2020-07-08 18:55:22";"Nein";"";"Sehr wichtig";"Sehr viel";"Sehr viel";"Sehr viel";"Sehr viel";"Sehr viel";"Sehr viel";"E-Mails kamen oft nicht an. 
Kommunikation schwierig. 
Man fühlt sich alleine gelassen :( ";"Die Verfügbarkeit hat sich nicht verändert";"Ich habe in den meisten der Veranstaltungen keinen Platz erhalten";"Ich konnte die meisten der Veranstaltungen nicht besuchen";"Ja, sie hat sich etwas verringert";"Ja, er hat sich etwas erhöht";"Die tatsächliche Arbeitsbelastung ist viel höher als die angesetzte";"Mehr Kommunikation. 
Bessere Planung. 
Mal n bisschen eher Bescheid geben wie wärs Freunde? Ich bin nicht so spontan. ";"Nein, die Leistungen waren etwas schlechter als erwartet";"Habe meistens Zugang dazu";"Habe meistens Zugang dazu";"Habe meistens Zugang dazu";"Habe nie Zugang dazu";"Habe nie Zugang dazu";"Angststörung: ich kann nicht gut telefonieren. Hab ja aber keine Wahl. ";"Nein";"Nein";"Nein";"Nein";"Nein";"Ja";"Nein";"";"Hat sich etwas erhöht";"Hat sich etwas erhöht";"Hat sich etwas erhöht";"Hat sich stark erhöht";"Ich bin mit dem Studium etwas überfordert";"Trifft überhaupt nicht zu";"Trifft überhaupt nicht zu";"Eher unzufrieden";"Ja, das Semester war genau so wie erwartet";"Das es genauso schlecht läuft was Kommunikation angeht. ";"JA!! Mal n bisschen früher Bescheid geben was mit Klausuren/Hausarbeiten/Modulprüfungen ist. 
Ich bin nicht so spontan. ";"893.15";"238.53";"";"";"";"";"111.94";"";"13.52";"";"78.37";"";"";"";"";"74.54";"";"";"140.74";"";"";"96.89";"";"";"";"";"138.62";"";"";"";""
"15";"2020-07-08 18:55:36";"Nein";"";"Sehr wichtig";"Sehr viel";"Sehr viel";"Sehr viel";"Sehr viel";"Sehr viel";"Sehr viel";"";"Die Verfügbarkeit hat sich etwas verringert";"Ich habe in den meisten der Veranstaltungen einen Platz erhalten";"Ich konnte alle der Veranstaltungen besuchen";"Ja, sie hat sich stark erhöht";"Ja, er hat sich etwas erhöht";"Die tatsächliche Arbeitsbelastung ist viel höher als die angesetzte";"";"Keine Antwort";"Habe selten Zugang dazu";"Habe immer Zugang dazu";"Habe immer Zugang dazu";"Habe immer Zugang dazu";"Habe immer Zugang dazu";"";"Nein";"Ja";"Nein";"Ja";"Ja";"Ja";"Nein";"Angstsörungen";"Hat sich nicht verändert";"Hat sich etwas verringert";"Hat sich stark verringert";"Hat sich nicht verändert";"Ich bin mit dem Studium etwas überfordert";"Trifft überhaupt nicht zu";"Trifft eher nicht zu";"Eher unzufrieden";"Nein, das Semester war etwas schlechter als erwartet";"Ich würde mir mehr Präsenzveranstaltungen wünschen und habe Angst, dass die Kommunikation bezüglich Klausuren, Hausarbeiten, Noten noch schlechter wird ";"";"851.45";"142.83";"";"";"";"";"36.08";"";"33.38";"";"171.59";"";"";"";"";"51.72";"";"";"36.09";"";"";"263.04";"";"";"";"";"116.72";"";"";"";""
"16";"2020-07-08 18:52:54";"Ja";"Zoom, YouTube, Ilias";"Sehr wichtig";"Eher wenig";"Eher viel";"Eher wenig";"Eher wenig";"Eher viel";"Eher wenig";"";"Die Verfügbarkeit hat sich etwas erhöht";"Ich habe in allen der Veranstaltungen einen Platz erhalten";"Ich konnte alle der Veranstaltungen besuchen";"Ja, sie hat sich etwas erhöht";"Ja, er hat sich etwas erhöht";"Die tatsächliche Arbeitsbelastung ist etwas höher als die angesetzte";"Bin von mehr Chaos ausgegangen";"Nein, die Leistungen waren etwas besser als erwartet";"Habe meistens Zugang dazu";"Habe immer Zugang dazu";"Habe immer Zugang dazu";"Habe immer Zugang dazu";"Habe immer Zugang dazu";"";"Nein";"Nein";"Nein";"Ja";"Nein";"Nein";"Nein";"Manchmal muss man eben arbeiten";"Hat sich etwas verringert";"Hat sich etwas verringert";"Hat sich nicht verändert";"Hat sich etwas verringert";"Ich bin mit dem Studium etwas überfordert";"Trifft eher zu";"Weder noch";"Eher zufrieden";"Nein, das Semester war etwas besser als erwartet";"";"";"560.76";"80.75";"";"";"";"";"29.16";"";"9.89";"";"73.41";"";"";"";"";"62.81";"";"";"75.85";"";"";"193.9";"";"";"";"";"34.99";"";"";"";""
"17";"2020-07-08 19:10:44";"Keine Antwort";"";"Sehr wichtig";"Überhaupt nicht";"Eher wenig";"Überhaupt nicht";"Eher wenig";"Eher wenig";"Eher viel";"Ilias stand häufig nicht zur Verfügung";"Die Verfügbarkeit hat sich nicht verändert";"Ich habe in allen der Veranstaltungen einen Platz erhalten";"Ich konnte alle der Veranstaltungen besuchen";"Nein, sie hat sich nicht verändert";"Nein, er ist gleich geblieben";"Die tatsächliche und die angesetzte Arbeitsbelastung sind genau gleich";"";"Nein, die Leistungen waren etwas besser als erwartet";"Habe immer Zugang dazu";"Habe immer Zugang dazu";"Habe immer Zugang dazu";"Habe immer Zugang dazu";"Habe immer Zugang dazu";"";"Ja";"N/A";"N/A";"N/A";"N/A";"N/A";"N/A";"";"Hat sich etwas erhöht";"Hat sich nicht verändert";"Hat sich etwas verringert";"Hat sich stark erhöht";"Ich bin im Studium weder überfordert, noch unterfordert";"Trifft vollkommen zu";"Trifft eher zu";"Vollkommen zufrieden";"Ja, das Semester war genau so wie erwartet";"Befürchtung: Das gar nichts in Präsenzlehre stattfinden kann";"";"248.28";"72.05";"";"";"";"";"10.22";"";"7.9";"";"27.32";"";"";"";"";"11.68";"";"";"14.05";"";"";"47.26";"";"";"";"";"57.8";"";"";"";""
"18";"2020-07-08 19:23:52";"Nein";"";"Eher wichtig";"Eher wenig";"Eher wenig";"Überhaupt nicht";"Überhaupt nicht";"Eher wenig";"Eher wenig";"";"Die Verfügbarkeit hat sich stark erhöht";"Ich habe in allen der Veranstaltungen einen Platz erhalten";"Ich konnte die meisten der Veranstaltungen besuchen";"Ja, sie hat sich etwas erhöht";"Ja, er hat sich etwas erhöht";"Die tatsächliche und die angesetzte Arbeitsbelastung sind genau gleich";"";"Ja, die Leistungen waren genau so wie erwartet";"Habe immer Zugang dazu";"Habe immer Zugang dazu";"Habe immer Zugang dazu";"Habe immer Zugang dazu";"Habe immer Zugang dazu";"";"Nein";"Nein";"Nein";"Nein";"Nein";"Ja";"Nein";"";"Hat sich etwas erhöht";"Hat sich etwas verringert";"Hat sich etwas verringert";"Hat sich etwas erhöht";"Ich bin mit dem Studium etwas überfordert";"Trifft vollkommen zu";"Keine Antwort";"Vollkommen zufrieden";"Nein, das Semester war viel besser als erwartet";"";"";"255.27";"49.64";"";"";"";"";"9.69";"";"12.64";"";"48.92";"";"";"";"";"16.29";"";"";"18.17";"";"";"73.85";"";"";"";"";"26.07";"";"";"";""
"19";"";"";"";"";"";"";"";"";"";"";"";"";"";"";"";"";"";"";"";"";"";"";"";"";"";"N/A";"N/A";"N/A";"N/A";"N/A";"N/A";"N/A";"";"";"";"";"";"";"";"";"";"";"";"";"0";"";"";"";"";"";"";"";"";"";"";"";"";"";"";"";"";"";"";"";"";"";"";"";"";"";"";"";"";"";""
"20";"";"Ja";"Visual Studio Code";"Keine Antwort";"Eher viel";"Eher wenig";"Überhaupt nicht";"Eher viel";"Eher viel";"Keine Antwort";"";"Keine Antwort";"Ich habe in den meisten der Veranstaltungen einen Platz erhalten";"Ich konnte die meisten der Veranstaltungen besuchen";"Nein, sie hat sich nicht verändert";"Nein, er ist gleich geblieben";"Keine Antwort";"";"";"";"";"";"";"";"";"N/A";"N/A";"N/A";"N/A";"N/A";"N/A";"N/A";"";"";"";"";"";"";"";"";"";"";"";"";"201.85";"118.9";"";"";"";"";"9.24";"";"19.82";"";"53.89";"";"";"";"";"";"";"";"";"";"";"";"";"";"";"";"";"";"";"";""
"21";"2020-07-08 20:37:38";"Nein";"";"Eher wichtig";"Überhaupt nicht";"Eher wenig";"Eher wenig";"Eher wenig";"Eher wenig";"Eher wenig";"";"Die Verfügbarkeit hat sich nicht verändert";"Ich habe in allen der Veranstaltungen einen Platz erhalten";"Ich konnte alle der Veranstaltungen besuchen";"Ja, sie hat sich etwas erhöht";"Nein, er ist gleich geblieben";"Die tatsächliche Arbeitsbelastung ist etwas höher als die angesetzte";"";"Ja, die Leistungen waren genau so wie erwartet";"Habe meistens Zugang dazu";"Habe immer Zugang dazu";"Habe immer Zugang dazu";"Habe immer Zugang dazu";"Habe meistens Zugang dazu";"";"Ja";"N/A";"N/A";"N/A";"N/A";"N/A";"N/A";"";"Hat sich nicht verändert";"Hat sich nicht verändert";"Hat sich etwas erhöht";"Hat sich etwas erhöht";"Ich bin im Studium weder überfordert, noch unterfordert";"Trifft eher zu";"Keine Antwort";"Eher zufrieden";"Nein, das Semester war etwas besser als erwartet";"";"";"1912.46";"1712.67";"";"";"";"";"15.11";"";"10.15";"";"49.95";"";"";"";"";"24.63";"";"";"19.96";"";"";"53.93";"";"";"";"";"26.06";"";"";"";""
"22";"2020-07-08 20:45:31";"Ja";"";"Eher wichtig";"Eher wenig";"Überhaupt nicht";"Eher wenig";"Eher wenig";"Eher wenig";"Eher wenig";"";"Die Verfügbarkeit hat sich nicht verändert";"Ich habe in allen der Veranstaltungen einen Platz erhalten";"Ich konnte die meisten der Veranstaltungen besuchen";"Ja, sie hat sich stark erhöht";"Nein, er ist gleich geblieben";"Die tatsächliche Arbeitsbelastung ist etwas höher als die angesetzte";"";"Keine Antwort";"Habe meistens Zugang dazu";"Habe meistens Zugang dazu";"Habe immer Zugang dazu";"Habe immer Zugang dazu";"Habe immer Zugang dazu";"";"Nein";"Nein";"Nein";"Nein";"Ja";"Ja";"Nein";"";"Hat sich etwas verringert";"Hat sich etwas verringert";"Hat sich stark verringert";"Hat sich etwas erhöht";"Ich bin mit dem Studium etwas überfordert";"Keine Antwort";"Keine Antwort";"Eher zufrieden";"Keine Antwort";"";"";"2086.37";"260.42";"";"";"";"";"378.46";"";"15.07";"";"96.5";"";"";"";"";"25.62";"";"";"65.3";"";"";"129.93";"";"";"";"";"1115.07";"";"";"";""
"23";"";"Ja";"logisim, codewars";"Sehr wichtig";"Überhaupt nicht";"Eher wenig";"Eher wenig";"Eher wenig";"Eher wenig";"Überhaupt nicht";"";"Keine Antwort";"Ich habe in den meisten der Veranstaltungen einen Platz erhalten";"";"";"";"";"";"";"";"";"";"";"";"";"N/A";"N/A";"N/A";"N/A";"N/A";"N/A";"N/A";"";"";"";"";"";"";"";"";"";"";"";"";"129.54";"90.36";"";"";"";"";"15.61";"";"23.57";"";"";"";"";"";"";"";"";"";"";"";"";"";"";"";"";"";"";"";"";"";""
"24";"2020-07-08 21:45:08";"Nein";"";"Eher wichtig";"Eher viel";"Eher wenig";"Überhaupt nicht";"Eher wenig";"Überhaupt nicht";"Überhaupt nicht";"";"Die Verfügbarkeit hat sich etwas erhöht";"Ich habe in allen der Veranstaltungen einen Platz erhalten";"Ich konnte die meisten der Veranstaltungen besuchen";"Ja, sie hat sich stark verringert";"Nein, er ist gleich geblieben";"Die tatsächliche Arbeitsbelastung ist etwas geringer als die angesetzte";"";"Ja, die Leistungen waren genau so wie erwartet";"Habe meistens Zugang dazu";"Habe immer Zugang dazu";"Habe immer Zugang dazu";"Habe immer Zugang dazu";"Habe immer Zugang dazu";"";"Ja";"N/A";"N/A";"N/A";"N/A";"N/A";"N/A";"";"Hat sich etwas verringert";"Hat sich stark verringert";"Hat sich nicht verändert";"Hat sich etwas erhöht";"Ich bin im Studium weder überfordert, noch unterfordert";"Trifft eher zu";"Keine Antwort";"Eher zufrieden";"Nein, das Semester war etwas schlechter als erwartet";"Etwas mehr ""Normalität"" im Sinne des vorherigen Uni-alltags (Wie im Wintersemester 19/20)";"";"366.18";"73.01";"";"";"";"";"13.61";"";"16.78";"";"55.4";"";"";"";"";"16.57";"";"";"15.07";"";"";"69.06";"";"";"";"";"106.68";"";"";"";""
"25";"";"";"";"";"";"";"";"";"";"";"";"";"";"";"";"";"";"";"";"";"";"";"";"";"";"N/A";"N/A";"N/A";"N/A";"N/A";"N/A";"N/A";"";"";"";"";"";"";"";"";"";"";"";"";"0";"";"";"";"";"";"";"";"";"";"";"";"";"";"";"";"";"";"";"";"";"";"";"";"";"";"";"";"";"";""
"26";"2020-07-09 06:39:55";"Ja";"Discord";"Sehr wichtig";"Eher viel";"Eher viel";"Eher wenig";"Eher wenig";"Eher viel";"Eher viel";"";"Die Verfügbarkeit hat sich stark verringert";"Ich habe in den meisten der Veranstaltungen einen Platz erhalten";"Ich konnte die meisten der Veranstaltungen besuchen";"Ja, sie hat sich stark erhöht";"Ja, er hat sich stark erhöht";"Die tatsächliche Arbeitsbelastung ist viel höher als die angesetzte";"Ich hatte die Erwartung, ein EM und das AM2 sowie ein SM abzuschließen.
Das EM und das SM werde ich voraussichtlich Ende dieses Semesters abschließen, das AM2 erst nächstes Semester.";"Keine Antwort";"Habe meistens Zugang dazu";"Habe immer Zugang dazu";"Habe immer Zugang dazu";"Habe immer Zugang dazu";"Habe immer Zugang dazu";"";"Nein";"Ja";"Nein";"Nein";"Nein";"Ja";"Nein";"";"Hat sich stark verringert";"Hat sich etwas verringert";"Hat sich stark verringert";"Hat sich etwas verringert";"Ich bin mit dem Studium etwas überfordert";"Keine Antwort";"Keine Antwort";"Eher zufrieden";"Nein, das Semester war etwas schlechter als erwartet";"Hoffnungen: 
- dass es möglich sein wird, in Präsenz zu unterrichten, wenn das Infektionsgeschehen es zulässt
- dass einzelne Einrichtungen der Uni wieder öffnen (Bibl. des Inst. für Informatik, UniMensa)
Befürchtungen:
- dass das Wintersemester weiter komplett digital stattfinden wird
- dass aufgrunddessen auch Forschungspraktika nicht möglich sein werden / von den Praktikumsstellen abgesagt werden und sich so das Studium weiter verlängert";"Vorschläge:
- Längere Abgabefristen für Hausarbeiten
- Falls Praktika nicht möglich sein werden: Möglichkeit, andere Leistungen (z.B. ein EM mehr) als Praktikum anzuerkennen";"814.64";"95.8";"";"";"";"";"22.27";"";"13.62";"";"32.37";"";"";"";"";"102.26";"";"";"47.23";"";"";"86.96";"";"";"";"";"414.13";"";"";"";""
"27";"2020-07-09 06:35:22";"Ja";"";"Eher wichtig";"Eher wenig";"Eher wenig";"Überhaupt nicht";"Eher wenig";"Eher wenig";"Überhaupt nicht";"";"Die Verfügbarkeit hat sich etwas erhöht";"Ich habe in allen der Veranstaltungen einen Platz erhalten";"Ich konnte alle der Veranstaltungen besuchen";"Ja, sie hat sich etwas erhöht";"Nein, er ist gleich geblieben";"Die tatsächliche und die angesetzte Arbeitsbelastung sind genau gleich";"";"Ja, die Leistungen waren genau so wie erwartet";"Habe immer Zugang dazu";"Habe immer Zugang dazu";"Habe immer Zugang dazu";"Habe immer Zugang dazu";"Habe immer Zugang dazu";"";"Ja";"N/A";"N/A";"N/A";"N/A";"N/A";"N/A";"";"Hat sich etwas verringert";"Hat sich stark verringert";"Hat sich stark verringert";"Hat sich etwas erhöht";"Ich bin im Studium weder überfordert, noch unterfordert";"Trifft eher zu";"Trifft vollkommen zu";"Vollkommen zufrieden";"Nein, das Semester war viel besser als erwartet";"";"";"360.77";"95.25";"";"";"";"";"16.41";"";"24.88";"";"49.84";"";"";"";"";"27.14";"";"";"43.31";"";"";"70.27";"";"";"";"";"33.67";"";"";"";""
"28";"2020-07-09 06:42:19";"Nein";"";"Eher wichtig";"Eher wenig";"Eher wenig";"Überhaupt nicht";"Eher viel";"Eher wenig";"Eher viel";"";"Die Verfügbarkeit hat sich nicht verändert";"Ich habe in allen der Veranstaltungen einen Platz erhalten";"Ich konnte die meisten der Veranstaltungen besuchen";"Ja, sie hat sich etwas erhöht";"Nein, er ist gleich geblieben";"Die tatsächliche Arbeitsbelastung ist etwas höher als die angesetzte";"";"Ja, die Leistungen waren genau so wie erwartet";"Habe meistens Zugang dazu";"Habe meistens Zugang dazu";"Habe immer Zugang dazu";"Habe immer Zugang dazu";"Habe nie Zugang dazu";"";"Nein";"Nein";"Nein";"Ja";"Nein";"Nein";"Nein";"";"Hat sich etwas erhöht";"Hat sich etwas erhöht";"Hat sich etwas verringert";"Hat sich stark verringert";"Ich bin mit dem Studium etwas überfordert";"Keine Antwort";"Keine Antwort";"Eher zufrieden";"Ja, das Semester war genau so wie erwartet";"Ich hoffe, dass mehrere Sitzungen asynchron stattfinden werden. Da ich eine sehr instabile Internetverbindung habe, war es ab und zu einfach nicht möglich, an der Sitzung teilzunehmen. Obwohl der besprochene Stoff war wichtig für mein Studium";"";"704.59";"179.77";"";"";"";"";"19.5";"";"13.86";"";"54.82";"";"";"";"";"38.85";"";"";"74.81";"";"";"122.82";"";"";"";"";"200.16";"";"";"";""
"29";"";"";"";"";"";"";"";"";"";"";"";"";"";"";"";"";"";"";"";"";"";"";"";"";"";"N/A";"N/A";"N/A";"N/A";"N/A";"N/A";"N/A";"";"";"";"";"";"";"";"";"";"";"";"";"0";"";"";"";"";"";"";"";"";"";"";"";"";"";"";"";"";"";"";"";"";"";"";"";"";"";"";"";"";"";""
"30";"";"";"";"";"";"";"";"";"";"";"";"";"";"";"";"";"";"";"";"";"";"";"";"";"";"N/A";"N/A";"N/A";"N/A";"N/A";"N/A";"N/A";"";"";"";"";"";"";"";"";"";"";"";"";"0";"";"";"";"";"";"";"";"";"";"";"";"";"";"";"";"";"";"";"";"";"";"";"";"";"";"";"";"";"";""
"31";"";"Nein";"";"Eher wichtig";"Eher wenig";"Eher wenig";"Eher wenig";"Eher wenig";"Eher wenig";"Eher wenig";"";"Die Verfügbarkeit hat sich nicht verändert";"Ich habe in den meisten der Veranstaltungen einen Platz erhalten";"Ich konnte die meisten der Veranstaltungen besuchen";"Ja, sie hat sich etwas erhöht";"Ja, er hat sich etwas erhöht";"Die tatsächliche Arbeitsbelastung ist etwas geringer als die angesetzte";"";"Nein, die Leistungen waren etwas schlechter als erwartet";"Habe meistens Zugang dazu";"Habe selten Zugang dazu";"Habe immer Zugang dazu";"Habe immer Zugang dazu";"Habe immer Zugang dazu";"";"N/A";"N/A";"N/A";"N/A";"N/A";"N/A";"N/A";"";"";"";"";"";"";"";"";"";"";"";"";"273.83";"85.9";"";"";"";"";"15.18";"";"19.62";"";"70.67";"";"";"";"";"26.85";"";"";"55.61";"";"";"";"";"";"";"";"";"";"";"";""
"32";"2020-07-09 11:49:00";"Nein";"Für die Vorbereitung von Gruppenarbeiten haben wir außerhalb der Lehrveranstaltungen Zoom benutzt. Einige Lehr-Videos waren auf YouTube. Diese Tools waren jedoch alle Teil der Lehrveranstaltung.";"Sehr wichtig";"Eher viel";"Überhaupt nicht";"Überhaupt nicht";"Eher wenig";"Eher wenig";"Eher wenig";"";"Die Verfügbarkeit hat sich etwas verringert";"Ich habe in allen der Veranstaltungen einen Platz erhalten";"Ich konnte alle der Veranstaltungen besuchen";"Ja, sie hat sich etwas erhöht";"Ja, er hat sich etwas erhöht";"Die tatsächliche und die angesetzte Arbeitsbelastung sind genau gleich";"Ich erwartete, dass sie sind wie in jedem Semester: Essays, Vorträge, Programmieraufgaben, die per Mail oder Ilias eingereicht werden. Das ist immerhin alles ohnehin digital abgelaufen, d.h. per Mail und ich sah keinen Grund, dass das in diesem Semester geändert werden sollte. Auch Vorträge können mit leichten technischen Abänderungen online, d.h. per Zoom gehalten werden.";"Ja, die Leistungen waren genau so wie erwartet";"Habe meistens Zugang dazu";"Habe immer Zugang dazu";"Habe immer Zugang dazu";"Habe immer Zugang dazu";"Habe immer Zugang dazu";"";"Ja";"N/A";"N/A";"N/A";"N/A";"N/A";"N/A";"";"Hat sich etwas verringert";"Hat sich nicht verändert";"Hat sich etwas verringert";"Hat sich etwas erhöht";"Ich bin im Studium weder überfordert, noch unterfordert";"Keine Antwort";"Trifft eher zu";"Vollkommen zufrieden";"Nein, das Semester war viel besser als erwartet";"Ich habe basierend auf meinen diessemestrigen Erfahrungen eine relativ große Angst: In diesem Semester hatte ich einen Tag lang 6-9 Stunden am Stück Kurse. Das ist zwar ohnehin anstrengend, hatte ich in vorherigen Semestern aber schon öfter. Dieses Semester jedoch hat mir die zusätzliche Belastung durch die Lehre per Video-Chat und Sprach-Chat deutlich mehr Probleme bereitet. Am Ende des Tages hatte ich stets Kopfschmerzen und mir war schlecht. Ich denke, das ist auf die übermäßige Anstrengung der Augen zurückzuführen und auf die Anstrengung im Gehirn, die stockende Ton- und Bildübertragung in der Verarbeitung der Sinneseindrücke erzeugen. Meine Angst ist also, dass weiterhin viele Kurse nacheinander mit Zoom arbeiten und es, um im Stoff mitzukommen, weiterhin nötig sein wird, regelmäßig diese körperlichen Probleme auszuhalten.
Leider habe ich selbst aber keinen wirklichen Lösungsansatz seitens der Institute dafür, da mir andere Lehrformen als das Unterrichtsgespräch über Zoom in diesem Semester nicht gefallen haben. Dennoch wollte ich das Problem gerne anmerken, vielleicht haben noch weitere solche Erfahrungen gemacht";"Insgesamt war ich erfreut, wie gut das IDH mit den Herausforderungen umgegangen ist. Die Lehre wurde abwechslungsreich und je nach Kurs unterschiedlich gestaltet, dabei jedoch ohne Lehrinhalte zu verringern. Das hat mir sehr gefallen!";"1673.81";"247.26";"";"";"";"";"28.73";"";"12.48";"";"137.14";"";"";"";"";"183.95";"";"";"28.56";"";"";"57.45";"";"";"";"";"978.24";"";"";"";""
"33";"2020-07-09 15:24:33";"Ja";"Discord, WhatsApp Gruppen, Notion (gemeinsame Notizen), Google Docs";"Sehr wichtig";"Sehr viel";"Eher wenig";"Überhaupt nicht";"Überhaupt nicht";"Überhaupt nicht";"Überhaupt nicht";"Technische Probleme bei Zoom-Vorträgen (kein Ton, Bildschirmfreigabe funktionert nicht)";"Die Verfügbarkeit hat sich etwas erhöht";"Ich habe in allen der Veranstaltungen einen Platz erhalten";"Ich konnte die meisten der Veranstaltungen besuchen";"Nein, sie hat sich nicht verändert";"Nein, er ist gleich geblieben";"Die tatsächliche Arbeitsbelastung ist etwas höher als die angesetzte";"Bei schriftlichen Prüfungsleistungen ohne Präsenz (Hausarbeiten und schriftliche Abgaben) habe ich die gleichen Erwartungen wie in der Präsenzlehre. Ich erwarte bei allen Prüfungsleistungen Nachsicht von Dozierenden und Prüferinnen, falls die private Situation der Studenten (z.B. Jobverlust) das Lernen und universitäre Angelegenheiten beeinträchtigt haben.
Ich erwarte, dass bei mündliche Prüfungen technische Probleme auf beiden Seiten nicht zum Nachteil des Studierenden führen können.";"Ja, die Leistungen waren genau so wie erwartet";"Habe meistens Zugang dazu";"Habe immer Zugang dazu";"Habe immer Zugang dazu";"Habe immer Zugang dazu";"Habe immer Zugang dazu";"";"Nein";"Nein";"Nein";"Nein";"Nein";"Ja";"Nein";"";"Hat sich etwas verringert";"Hat sich nicht verändert";"Hat sich etwas verringert";"Hat sich nicht verändert";"Ich bin im Studium etwas unterfordert";"Trifft eher zu";"Trifft eher nicht zu";"Eher zufrieden";"Nein, das Semester war etwas besser als erwartet";"Ich hoffe, dass technische Probleme bei Dozierenden und Studierenden langsam ausgemerzt werden. Ich hoffe auf wenig live-Frontalvorträge zu Gunsten von aufgenommenen Vorträgen, die im eigenen Zeitplan angeschaut werden könnnen, und ggf. eine dazugehörigen Sprech-/ Fragenstunde zum regulären Veranstaltungszeitpunkt.
Ich befürchte, dass das studentische Miteinander, das Austauschen und ""Socializen"" im kommenden digitalen Semester weiter leiden wird.";"Studierende sollten dazu ermuntert werden, ihre Kamera in Zoom-Sessions einzuschalten. Vielleicht würde dies die Kommunikation fördern und die 1,5 Stunden lebhafter machen.";"970.67";"156.17";"";"";"";"";"16.83";"";"9.13";"";"46.95";"";"";"";"";"325.86";"";"";"36.75";"";"";"62.18";"";"";"";"";"316.8";"";"";"";""
"34";"2020-07-09 18:28:01";"Nein";"";"Eher nicht wichtig";"Eher wenig";"Eher wenig";"Überhaupt nicht";"Eher wenig";"Überhaupt nicht";"Überhaupt nicht";"";"Die Verfügbarkeit hat sich nicht verändert";"Ich habe in allen der Veranstaltungen einen Platz erhalten";"Ich konnte alle der Veranstaltungen besuchen";"Nein, sie hat sich nicht verändert";"Nein, er ist gleich geblieben";"Die tatsächliche und die angesetzte Arbeitsbelastung sind genau gleich";"";"Nein, die Leistungen waren etwas schlechter als erwartet";"Habe immer Zugang dazu";"Habe immer Zugang dazu";"Habe immer Zugang dazu";"Habe immer Zugang dazu";"Habe immer Zugang dazu";"";"Ja";"N/A";"N/A";"N/A";"N/A";"N/A";"N/A";"";"Hat sich etwas verringert";"Hat sich etwas verringert";"Hat sich etwas verringert";"Hat sich nicht verändert";"Ich bin im Studium weder überfordert, noch unterfordert";"Trifft eher zu";"Keine Antwort";"Eher unzufrieden";"Nein, das Semester war etwas besser als erwartet";"Ich schätze den Präsenzunterricht, da es meiner Neigung entgegenkommt, sich dadurch besser zu konzentrieren. Ich bewege mich auch gerne zur Uni und in die Bibliothek, um nicht den ganzen Tag in den eigenen vier Wänden zu sitzen, und das Gefühl zu haben, mit anderen Kommilitonen neue Kenntnisse zu erwerben. Dies hilft mir, meinen Alltag zu strukturieren und eine Gewisse Trennung zwischen Lehre und Freizeit zu schaffen. Allerdings habe ich volles Verständnis angesichts des Infektionsgeschehens, dass es gewisse Beschränkungen geben muss. Natürlich gilt es, das Ansteckungsrisiko zu minimieren.";"Sie machen das schon ganz gut! Ich finde auch, dass Ilias zu Unrecht verteufelt wird, obwohl die Mail Anwendung nicht besonders komfortabel ist. In meinem Primärstudiengang Japanologie hat sich der Zoom Unterricht sehr bewährt, da der Sprachunterricht eine hohe Interaktion bedarf. Dies ist aber wohl für ein Computerstudium weniger nötig. Die Möglichkeit, Veranstaltungen als Video zu beliebiger Zeit, auch wiederholt zu sehen, ist gar nicht schlecht. Allerdings sind die Videos selbst teilweise etwas langweilig :-) Angesichts der Tatsache, dass man diese Videos jedes Jahr wieder benutzen kann und auch mit anderen Universitäten teilen könnte, lohnt sich vielleicht sogar höherer Aufwand?";"1521.06";"106.91";"";"";"";"";"18.51";"";"40.11";"";"40.68";"";"";"";"";"17.16";"";"";"27.64";"";"";"82.42";"";"";"";"";"1187.63";"";"";"";""
"35";"";"Ja";"YouTube, Codecademy, Dokumentationen, Bücher";"Sehr wichtig";"Keine Antwort";"Keine Antwort";"Überhaupt nicht";"Eher wenig";"Eher wenig";"Eher wenig";"";"Keine Antwort";"Ich habe in allen der Veranstaltungen einen Platz erhalten";"Ich konnte die meisten der Veranstaltungen nicht besuchen";"Ja, sie hat sich etwas erhöht";"Ja, er hat sich stark erhöht";"Die tatsächliche Arbeitsbelastung ist etwas höher als die angesetzte";"";"";"";"";"";"";"";"";"N/A";"N/A";"N/A";"N/A";"N/A";"N/A";"N/A";"";"";"";"";"";"";"";"";"";"";"";"";"171.5";"101.17";"";"";"";"";"16.99";"";"12.01";"";"41.33";"";"";"";"";"";"";"";"";"";"";"";"";"";"";"";"";"";"";"";""
"36";"2020-07-10 11:15:47";"Nein";"";"Eher wichtig";"Überhaupt nicht";"Eher wenig";"Eher wenig";"Überhaupt nicht";"Überhaupt nicht";"Überhaupt nicht";"ILIAS ist zum Beginn des Semesters vollkommen überlastet gewesen (ILIAS-Seiten haben extrem langsam geladen, wenn überhaupt). Allerdings hat sich das im Laufe des Semesters gebessert.";"Die Verfügbarkeit hat sich nicht verändert";"Ich habe in allen der Veranstaltungen einen Platz erhalten";"Ich konnte die meisten der Veranstaltungen besuchen";"Ja, sie hat sich etwas erhöht";"Keine Antwort";"Die tatsächliche und die angesetzte Arbeitsbelastung sind genau gleich";"Warum sollte jemand Erwartungen bezüglich Studien- und Prüfungsleistungen haben. Und wenn überhaupt, ist dass doch bezüglich jedes Moduls/jeder Veranstaltung anders?";"Keine Antwort";"Habe meistens Zugang dazu";"Habe immer Zugang dazu";"Habe immer Zugang dazu";"Habe immer Zugang dazu";"Habe meistens Zugang dazu";"";"Nein";"Nein";"Nein";"Nein";"Nein";"Nein";"Nein";"Durch meine festen Arbeitszeiten";"Hat sich etwas verringert";"Hat sich nicht verändert";"Hat sich etwas verringert";"Keine Antwort";"Ich bin im Studium weder überfordert, noch unterfordert";"Keine Antwort";"Keine Antwort";"Eher zufrieden";"Ja, das Semester war genau so wie erwartet";"Befürchtung ist, dass die meisten Dozierenden ihre Veranstaltung als voraufgezeichnetes Video anbieten und somit noch weniger Interaktion mit den Kommilitonen geben wird. Zusätzlich würde durch die erhöhte Anzahl an Video-Veranstaltungen der Arbeitsaufwand erhöht werden (nur durch das Schauen von Videos, was meistens eine erhöhte Konzentration und Motivation benötigt als eine Zoom-Sitzung zum Beispiel).";"Bitte entscheidet euch direkt am Anfang des Semesters wie eine Veranstaltung funktionieren und ablaufen soll -> das heißt, keine größeren Veränderungen der Veranstaltungsform mitten im Semester. Das nervt alle Kommilitonen, die etwas weiter im Voraus ihre verfügbaren Arbeitszeiten eintragen müssen!";"1239.25";"293.26";"";"";"";"";"13.37";"";"17.98";"";"89.18";"";"";"";"";"160.16";"";"";"64.64";"";"";"137";"";"";"";"";"463.66";"";"";"";""
"37";"2020-07-10 12:40:59";"Keine Antwort";"";"Eher nicht wichtig";"Eher wenig";"Eher wenig";"Eher wenig";"Überhaupt nicht";"Überhaupt nicht";"Überhaupt nicht";"";"Die Verfügbarkeit hat sich etwas erhöht";"Ich habe in allen der Veranstaltungen einen Platz erhalten";"Ich konnte alle der Veranstaltungen besuchen";"Ja, sie hat sich stark erhöht";"Ja, er hat sich etwas erhöht";"Die tatsächliche Arbeitsbelastung ist viel höher als die angesetzte";"";"Ja, die Leistungen waren genau so wie erwartet";"Habe meistens Zugang dazu";"Habe meistens Zugang dazu";"Habe immer Zugang dazu";"Habe immer Zugang dazu";"Habe immer Zugang dazu";"";"Nein";"Nein";"Nein";"Ja";"Nein";"Ja";"Nein";"";"Hat sich etwas verringert";"Hat sich etwas erhöht";"Hat sich etwas erhöht";"Hat sich etwas erhöht";"Ich bin mit dem Studium etwas überfordert";"Keine Antwort";"Keine Antwort";"Weder noch";"Nein, das Semester war etwas schlechter als erwartet";"";"";"306.41";"87";"";"";"";"";"14.4";"";"11.58";"";"39.42";"";"";"";"";"24.96";"";"";"24.9";"";"";"81.48";"";"";"";"";"22.67";"";"";"";""
"38";"";"";"";"";"";"";"";"";"";"";"";"";"";"";"";"";"";"";"";"";"";"";"";"";"";"N/A";"N/A";"N/A";"N/A";"N/A";"N/A";"N/A";"";"";"";"";"";"";"";"";"";"";"";"";"0";"";"";"";"";"";"";"";"";"";"";"";"";"";"";"";"";"";"";"";"";"";"";"";"";"";"";"";"";"";""
"39";"2020-07-11 10:36:46";"Ja";"Google Drive/Docs";"Eher nicht wichtig";"Eher viel";"Eher wenig";"Überhaupt nicht";"Überhaupt nicht";"Überhaupt nicht";"Überhaupt nicht";"";"Keine Antwort";"Keine Antwort";"Ich konnte die meisten der Veranstaltungen besuchen";"Ja, sie hat sich etwas erhöht";"Ja, er hat sich etwas erhöht";"Die tatsächliche Arbeitsbelastung ist etwas höher als die angesetzte";"";"Ja, die Leistungen waren genau so wie erwartet";"Habe meistens Zugang dazu";"Habe immer Zugang dazu";"Habe immer Zugang dazu";"Habe immer Zugang dazu";"Habe meistens Zugang dazu";"";"Ja";"N/A";"N/A";"N/A";"N/A";"N/A";"N/A";"";"Hat sich etwas verringert";"Hat sich stark verringert";"Hat sich etwas verringert";"Hat sich stark erhöht";"Ich bin im Studium weder überfordert, noch unterfordert";"Trifft eher zu";"Trifft eher zu";"Keine Antwort";"Nein, das Semester war viel schlechter als erwartet";"Dass wieder alles online stattfindet. Ich brauche Präsenzveranstaltungen, sonst kann ich nicht richtig studieren.";"";"2207.13";"81.76";"";"";"";"";"87.04";"";"6.06";"";"819.75";"";"";"";"";"392.35";"";"";"30.35";"";"";"426.12";"";"";"";"";"363.7";"";"";"";""
"40";"2020-07-12 12:16:23";"Nein";"";"Sehr wichtig";"Überhaupt nicht";"Überhaupt nicht";"Eher wenig";"Eher wenig";"Eher wenig";"Eher wenig";"";"Die Verfügbarkeit hat sich nicht verändert";"Ich habe in allen der Veranstaltungen einen Platz erhalten";"Ich konnte alle der Veranstaltungen besuchen";"Ja, sie hat sich etwas erhöht";"Ja, er hat sich etwas erhöht";"Die tatsächliche Arbeitsbelastung ist etwas höher als die angesetzte";"";"Ja, die Leistungen waren genau so wie erwartet";"Habe immer Zugang dazu";"Habe meistens Zugang dazu";"Habe immer Zugang dazu";"Habe meistens Zugang dazu";"Habe meistens Zugang dazu";"";"Nein";"Ja";"Nein";"Nein";"Nein";"Ja";"Nein";"";"Hat sich etwas verringert";"Hat sich stark verringert";"Hat sich etwas verringert";"Hat sich nicht verändert";"Ich bin mit dem Studium etwas überfordert";"Trifft eher zu";"Trifft eher zu";"Weder noch";"Nein, das Semester war etwas schlechter als erwartet";"";"";"261.34";"45.27";"";"";"";"";"14.58";"";"10.49";"";"34.55";"";"";"";"";"11.7";"";"";"22.05";"";"";"106.28";"";"";"";"";"16.42";"";"";"";""
"41";"2020-07-12 16:04:15";"Keine Antwort";"";"Sehr wichtig";"Eher wenig";"Eher wenig";"Überhaupt nicht";"Eher viel";"Eher wenig";"Eher wenig";"";"Die Verfügbarkeit hat sich nicht verändert";"Ich habe in allen der Veranstaltungen einen Platz erhalten";"Ich konnte alle der Veranstaltungen besuchen";"Ja, sie hat sich etwas erhöht";"Ja, er hat sich etwas erhöht";"Die tatsächliche Arbeitsbelastung ist viel höher als die angesetzte";"";"Keine Antwort";"Habe immer Zugang dazu";"Habe immer Zugang dazu";"Habe immer Zugang dazu";"Habe immer Zugang dazu";"Habe immer Zugang dazu";"";"Nein";"Nein";"Nein";"Ja";"Nein";"Nein";"Nein";"";"Hat sich stark verringert";"Hat sich stark verringert";"Hat sich stark verringert";"Hat sich etwas verringert";"Ich bin mit dem Studium etwas überfordert";"Weder noch";"Weder noch";"Eher zufrieden";"Nein, das Semester war etwas schlechter als erwartet";"";"";"187.56";"41.9";"";"";"";"";"10.22";"";"12.56";"";"27.16";"";"";"";"";"15.15";"";"";"18.74";"";"";"47.8";"";"";"";"";"14.03";"";"";"";""
"42";"2020-07-12 18:55:41";"Ja";"zoom, discord, ilias, youtube, etherpad, google drive/docs, skype u.v.m.";"Sehr wichtig";"Sehr viel";"Eher viel";"Eher wenig";"Eher viel";"Eher wenig";"Eher wenig";"";"Die Verfügbarkeit hat sich nicht verändert";"Ich habe in den meisten der Veranstaltungen einen Platz erhalten";"Ich konnte alle der Veranstaltungen besuchen";"Ja, sie hat sich etwas erhöht";"Ja, er hat sich etwas erhöht";"Die tatsächliche Arbeitsbelastung ist etwas höher als die angesetzte";"--> Erwartungen an mich selbst:
Alle Pflichtleistungen rechtzeitig und qualitativ hochwertig abgeben

--> Erwartungen ans Institut:
Mehr Nachsicht bei Abgaben in jeglicher Hinsicht (im Bezug auf Umstellung auf Quarantäne und Einrichtung im Homeoffice)";"Nein, die Leistungen waren etwas schlechter als erwartet";"Habe selten Zugang dazu";"Habe immer Zugang dazu";"Habe immer Zugang dazu";"Habe immer Zugang dazu";"Habe immer Zugang dazu";"Laute Nachbarschaft, instabile Internetverbindung, schlechte Ausstattung im HomeOffice (Arbeit am Esstisch und kein Geld für bessere Ausstattung weil Student)";"Nein";"Nein";"Nein";"Ja";"Ja";"Nein";"Nein";"";"Hat sich etwas verringert";"Hat sich etwas verringert";"Hat sich etwas verringert";"Hat sich stark verringert";"Ich bin im Studium weder überfordert, noch unterfordert";"Trifft vollkommen zu";"Trifft überhaupt nicht zu";"Eher unzufrieden";"Nein, das Semester war etwas besser als erwartet";"Ich denke, das nächste Semester wird besser, da es jetzt eine Eingewöhnungsphase in die neuen Umstände gab. Generell fehlt leider komplett die Verbindung zu den Kommilitonen und das ist schon sehr schade. Aber was soll man machen...";"Kurse, die jede Woche stattfanden, sind meiner Meinung nach besser angekommen und ich habe mehr gelernt. Man bleibt eher am Thema, kann mit den Kommilitonen diskutieren, fühlt sich mehr verbunden. Und das finde ich sehr wichtig. Bei Kursen, bei denen es nur alle zwei Wochen eine Aufgabe +  Lehrvideo auf Youtube gab, habe ich das Gefühl viel zu wenig gelernt zu haben. Es wurde eher ein ""Bulimie-Arbeiten"" auf den letzten Drücker, um die Frist einzuhalten, aber es gab keinen Ansporn wirklich etwas zu lernen. Ich würde mir wünschen, dass dieses Konzept nochmal überarbeitet wird. ";"1018.73";"125.3";"";"";"";"";"14.19";"";"13.98";"";"52.79";"";"";"";"";"235.09";"";"";"137.34";"";"";"113.71";"";"";"";"";"326.33";"";"";"";""
"43";"";"";"";"";"";"";"";"";"";"";"";"";"";"";"";"";"";"";"";"";"";"";"";"";"";"N/A";"N/A";"N/A";"N/A";"N/A";"N/A";"N/A";"";"";"";"";"";"";"";"";"";"";"";"";"0";"";"";"";"";"";"";"";"";"";"";"";"";"";"";"";"";"";"";"";"";"";"";"";"";"";"";"";"";"";""
"44";"2020-07-12 22:56:06";"Ja";"Für die Kommunikation habe ich beispielsweise Slack verwendet, weiterhin als Ergänzungsmaterial zu den Seminaren und Vorlesungen habe ich (teils kostenpflichtige) Kurse von Udemy, Unity und edX besucht.";"Eher nicht wichtig";"Eher wenig";"Eher wenig";"Eher wenig";"Überhaupt nicht";"Überhaupt nicht";"Überhaupt nicht";"Teilweise kamen E-Mails über den Webmail-Server gar nicht oder stark verspätet an. ";"Die Verfügbarkeit hat sich stark erhöht";"Ich habe in allen der Veranstaltungen einen Platz erhalten";"Ich konnte die meisten der Veranstaltungen besuchen";"Ja, sie hat sich stark erhöht";"Ja, er hat sich etwas erhöht";"Die tatsächliche Arbeitsbelastung ist etwas höher als die angesetzte";"Ich hatte eigentlich keine besonderen Erwartungen, wurde dementsprechend sehr überrascht, dass selbst über Zoom wirklich sehr anregende Diskussionsrunden entstanden sind. Ich hatte allerdings gehofft, dass durch die Verschiebung des Semesters um zwei Wochen auch die Abgabefristen für Studienleistungen eventuell auch um die entsprechende Zeitspanne nach hinten verlagert würden. So war es durch das erhöhte Arbeitspensum sehr stressig.";"Ja, die Leistungen waren genau so wie erwartet";"Habe immer Zugang dazu";"Habe immer Zugang dazu";"Habe immer Zugang dazu";"Habe immer Zugang dazu";"Habe immer Zugang dazu";"";"Nein";"Nein";"Nein";"Nein";"Nein";"Nein";"Nein";"Durch Arbeit verhindert (kam aber sehr selten vor).";"Hat sich etwas erhöht";"Hat sich stark erhöht";"Hat sich etwas verringert";"Hat sich etwas erhöht";"Ich bin im Studium weder überfordert, noch unterfordert";"Keine Antwort";"Trifft überhaupt nicht zu";"Eher zufrieden";"Nein, das Semester war viel besser als erwartet";"";"";"676.87";"238.12";"";"";"";"";"19.51";"";"8.33";"";"40.41";"";"";"";"";"203.91";"";"";"20";"";"";"107.23";"";"";"";"";"39.36";"";"";"";""
"45";"2020-07-13 11:48:43";"Nein";"";"Eher wichtig";"Sehr viel";"Eher viel";"Sehr viel";"Sehr viel";"Eher viel";"Eher viel";"";"Die Verfügbarkeit hat sich nicht verändert";"Ich habe in allen der Veranstaltungen einen Platz erhalten";"Ich konnte die meisten der Veranstaltungen besuchen";"Ja, sie hat sich etwas erhöht";"Nein, er ist gleich geblieben";"Die tatsächliche Arbeitsbelastung ist etwas geringer als die angesetzte";"";"Ja, die Leistungen waren genau so wie erwartet";"Habe meistens Zugang dazu";"Habe immer Zugang dazu";"Habe immer Zugang dazu";"Habe immer Zugang dazu";"Habe immer Zugang dazu";"";"Ja";"N/A";"N/A";"N/A";"N/A";"N/A";"N/A";"";"Hat sich stark verringert";"Hat sich stark verringert";"Hat sich stark verringert";"Hat sich stark erhöht";"Ich bin im Studium weder überfordert, noch unterfordert";"Weder noch";"Weder noch";"Eher zufrieden";"Nein, das Semester war etwas schlechter als erwartet";"";"";"237.57";"50.68";"";"";"";"";"13.49";"";"7.87";"";"58.78";"";"";"";"";"13.04";"";"";"18.25";"";"";"57.69";"";"";"";"";"17.77";"";"";"";""
"46";"";"";"";"";"";"";"";"";"";"";"";"";"";"";"";"";"";"";"";"";"";"";"";"";"";"N/A";"N/A";"N/A";"N/A";"N/A";"N/A";"N/A";"";"";"";"";"";"";"";"";"";"";"";"";"111.25";"111.25";"";"";"";"";"";"";"";"";"";"";"";"";"";"";"";"";"";"";"";"";"";"";"";"";"";"";"";"";""
"47";"";"";"";"";"";"";"";"";"";"";"";"";"";"";"";"";"";"";"";"";"";"";"";"";"";"N/A";"N/A";"N/A";"N/A";"N/A";"N/A";"N/A";"";"";"";"";"";"";"";"";"";"";"";"";"0";"";"";"";"";"";"";"";"";"";"";"";"";"";"";"";"";"";"";"";"";"";"";"";"";"";"";"";"";"";""
"48";"2020-07-14 08:37:21";"Nein";"";"Eher wichtig";"Eher wenig";"Eher wenig";"Eher viel";"Eher viel";"Eher viel";"Eher viel";"Es wurde viel über Ilias gemacht, dort liegen alle Dateien und teilweise auch Tests für Studienleistungen in Lehrveranstaltungen. Ich konnte mich dort häufig nicht mal anmelden, weil der Server wohl überlastet war und die Seite hat dann gar nicht mehr reagiert. Das hat unheimlich behindert, demotiviert und beeinträchtigt, dass ich mich intensiv mit dem Material beschäftigen konnte. Ich hatte jedoch das Gefühl, dass es zum Semesterende besser wurde, entweder wurde das Problem behoben oder es haben sich nicht mehr viele Studierende eingeloggt, was zum Ende des Semesters auch gut sein kann.";"Die Verfügbarkeit hat sich nicht verändert";"Ich habe in allen der Veranstaltungen einen Platz erhalten";"Ich konnte die meisten der Veranstaltungen besuchen";"Ja, sie hat sich etwas erhöht";"Ja, er hat sich etwas erhöht";"Die tatsächliche Arbeitsbelastung ist viel höher als die angesetzte";"Ich erwarte, dass Studienleistungen fair gestaltet werden. In diesem Semester sollte man den Arbeitsaufwand auf jeden Fall anpassen. Außerdem bin ich dieses Semester sehr dankbar für Kulanz gewesen, wenn etwas aus technischen oder privaten Gründen nicht rechtzeitig abgegeben werden konnte. Verständnis von beiden Seiten ist sehr wichtig, gerade bei Abgaben, die zum bestehen des Kurses beitragen. Gerade zum Anfang des Semester hatten alle eine schwere und anstrengende Zeit aus den unterschiedlichsten Gründen.";"Nein, die Leistungen waren etwas schlechter als erwartet";"Habe meistens Zugang dazu";"Habe meistens Zugang dazu";"Habe meistens Zugang dazu";"Habe meistens Zugang dazu";"Habe meistens Zugang dazu";"Manchmal gibt es räumliche Beeinträchtigung, dadurch, dass egal ob WG/ Familie alle zu Hause sind und arbeiten. Die Arbeitszeit im Home Ofiice wird weniger akzeptiert, als wenn man in der Uni ist. 
Technisch bin ich recht gut aufgestellt, aber aus vorherigem privaten Interesse, sowohl Ausrüstungstechnisch, als auch was Funktionen und Anwendungen angeht. Ansonsten wäre ich aber echt aufgeschmissen gewesen.";"Nein";"Ja";"Nein";"Ja";"Nein";"Nein";"Nein";"";"Hat sich etwas verringert";"Hat sich etwas erhöht";"Hat sich etwas verringert";"Hat sich etwas verringert";"Ich bin mit dem Studium etwas überfordert";"Trifft eher zu";"Weder noch";"Eher zufrieden";"Nein, das Semester war etwas schlechter als erwartet";"Dass die Dozenten teilweise nicht so motiviert sind, darauf kommt es im Online-Semester besonders an. Ich habe die Hoffnung, dass alle Dozenten aus den Fehlern dieses Jahr lernen u nd die Motivation haben sich zu verbessern";"";"3162.66";"409.01";"";"";"";"";"20.35";"";"14.62";"";"68.7";"";"";"";"";"231.25";"";"";"277.73";"";"";"362.12";"";"";"";"";"1778.88";"";"";"";""
"49";"2020-07-14 07:50:53";"Ja";"OBS";"Eher nicht wichtig";"Eher wenig";"Eher wenig";"Eher viel";"Eher wenig";"Eher wenig";"Eher viel";"";"Die Verfügbarkeit hat sich nicht verändert";"Ich habe in keiner der Veranstaltungen einen Platz erhalten";"Ich konnte keine der Veranstaltungen besuchen";"Nein, sie hat sich nicht verändert";"Ja, er hat sich etwas erhöht";"Die tatsächliche und die angesetzte Arbeitsbelastung sind genau gleich";"";"Nein, die Leistungen waren etwas besser als erwartet";"Habe meistens Zugang dazu";"Habe immer Zugang dazu";"Habe meistens Zugang dazu";"Habe meistens Zugang dazu";"Habe immer Zugang dazu";"";"Nein";"Ja";"Ja";"Nein";"Nein";"Ja";"Nein";"";"Hat sich etwas verringert";"Hat sich etwas erhöht";"Hat sich nicht verändert";"Hat sich etwas erhöht";"Ich bin im Studium weder überfordert, noch unterfordert";"Weder noch";"Trifft eher zu";"Vollkommen zufrieden";"Nein, das Semester war etwas besser als erwartet";"";"";"183.84";"57.6";"";"";"";"";"7.03";"";"7.21";"";"19.83";"";"";"";"";"10.86";"";"";"19.57";"";"";"45.73";"";"";"";"";"16.01";"";"";"";""
"50";"2020-07-14 08:25:11";"Nein";"";"Eher nicht wichtig";"Überhaupt nicht";"Überhaupt nicht";"Überhaupt nicht";"Überhaupt nicht";"Überhaupt nicht";"Überhaupt nicht";"Die Break out room Einteilung ist Segregation mühselig, deshalb hat das als länger gedauert. ";"Die Verfügbarkeit hat sich etwas verringert";"Ich habe in den meisten der Veranstaltungen einen Platz erhalten";"Ich konnte alle der Veranstaltungen besuchen";"Ja, sie hat sich etwas erhöht";"Nein, er ist gleich geblieben";"Die tatsächliche Arbeitsbelastung ist etwas höher als die angesetzte";"Wöchentliche Hausaufgaben, Kurzzusammenfassungen, etc. ";"Ja, die Leistungen waren genau so wie erwartet";"Habe immer Zugang dazu";"Habe immer Zugang dazu";"Habe immer Zugang dazu";"Habe immer Zugang dazu";"Habe immer Zugang dazu";"Manchmal hat mein Freund gleichzeitig Veranstaltungen, dann ist schwierig wenn beide etwas sagen wollen.";"Ja";"N/A";"N/A";"N/A";"N/A";"N/A";"N/A";"";"Hat sich etwas verringert";"Hat sich nicht verändert";"Hat sich nicht verändert";"Hat sich etwas erhöht";"Ich bin im Studium weder überfordert, noch unterfordert";"Weder noch";"Trifft vollkommen zu";"Eher zufrieden";"Nein, das Semester war etwas schlechter als erwartet";"Ich muss unbedingt das Hauptseminar AM2 belegen und die Übung 3D aus dem BM2 nachholen. Ich hoffe sehr, dass das im kommenden Semester angeboten wird! Wenn das DH dies nicht möglich machen kann, wer dann...;)";"Wenn sie alle Veranstaltungen anbieten, dann nicht :) ";"831.93";"120.51";"";"";"";"";"15.75";"";"38.91";"";"71.84";"";"";"";"";"42.58";"";"";"173.06";"";"";"86.82";"";"";"";"";"282.46";"";"";"";""
"51";"2020-07-14 08:21:55";"Nein";"";"Eher nicht wichtig";"Eher viel";"Eher wenig";"Keine Antwort";"Eher viel";"Eher wenig";"Eher viel";"";"Die Verfügbarkeit hat sich nicht verändert";"Ich habe in den meisten der Veranstaltungen einen Platz erhalten";"Ich konnte alle der Veranstaltungen besuchen";"Ja, sie hat sich etwas erhöht";"Ja, er hat sich etwas erhöht";"Die tatsächliche Arbeitsbelastung ist etwas höher als die angesetzte";"";"Ja, die Leistungen waren genau so wie erwartet";"Habe meistens Zugang dazu";"Habe immer Zugang dazu";"Habe meistens Zugang dazu";"Habe meistens Zugang dazu";"Habe meistens Zugang dazu";"";"Ja";"N/A";"N/A";"N/A";"N/A";"N/A";"N/A";"";"Hat sich stark verringert";"Hat sich nicht verändert";"Hat sich etwas verringert";"Hat sich nicht verändert";"Ich bin mit dem Studium etwas überfordert";"Trifft eher zu";"Trifft eher zu";"Eher zufrieden";"Nein, das Semester war etwas schlechter als erwartet";"";"";"505.48";"114.03";"";"";"";"";"10.54";"";"18.84";"";"107.39";"";"";"";"";"49.02";"";"";"89.12";"";"";"92.63";"";"";"";"";"23.91";"";"";"";""
"52";"";"";"";"";"";"";"";"";"";"";"";"";"";"";"";"";"";"";"";"";"";"";"";"";"";"N/A";"N/A";"N/A";"N/A";"N/A";"N/A";"N/A";"";"";"";"";"";"";"";"";"";"";"";"";"0";"";"";"";"";"";"";"";"";"";"";"";"";"";"";"";"";"";"";"";"";"";"";"";"";"";"";"";"";"";""
"53";"2020-07-14 10:01:15";"Nein";"";"Eher wichtig";"Eher wenig";"Eher wenig";"Überhaupt nicht";"Überhaupt nicht";"Überhaupt nicht";"Überhaupt nicht";"";"Keine Antwort";"Ich habe in allen der Veranstaltungen einen Platz erhalten";"Ich konnte alle der Veranstaltungen besuchen";"Ja, sie hat sich etwas erhöht";"Nein, er ist gleich geblieben";"Die tatsächliche Arbeitsbelastung ist etwas höher als die angesetzte";"";"Keine Antwort";"Habe immer Zugang dazu";"Habe immer Zugang dazu";"Habe immer Zugang dazu";"Habe immer Zugang dazu";"Habe immer Zugang dazu";"Zoom hat mit am Anfang von Meetings manchmal gesagt dass irgendwas mit meiner Audio nicht stimmt und es neu gestartet werden muss, aber ich hatte nie wirklich ein Problem. Nach dem Neustart hat auch immer alles funktioniert. ";"Nein";"Nein";"Nein";"Nein";"Nein";"Nein";"Nein";"Eigentlich ist es eher so dass ich manchmal durch psychische Belastung nicht am präsenzunterricht teilnehmen kann. Das digitale Semester ist das erste wo ich immer anwesend war. ";"Hat sich stark erhöht";"Hat sich etwas erhöht";"Hat sich etwas erhöht";"Hat sich stark erhöht";"Ich bin im Studium weder überfordert, noch unterfordert";"Weder noch";"Weder noch";"Eher unzufrieden";"Nein, das Semester war viel besser als erwartet";"Ich hab die Hoffnung, dass es wieder komplett digital stattfindet, da ich während der Pandemie wirklich nicht in die Uni möchte (und jeweils eine Stunde hin und eine Stunde Rückfahrt mit dem Öffentlichen).";"Ich hätte es besser gefunden wenn bei der Kolloquium Veranstaltung vorher gesagt worden wäre, dass man auf jedes kleine Detail bei der Unterhaltung achten muss weil man dazu abgefragt werden kann. Ich habe aufgepasst und mir zu den wichtigen Punkten Notizen gemacht, aber ich fühle mich weniger gut vorbereitet nachdem erst Mitte Juni gesagt wurde, dass quasi alles was erwähnt wurde abgefragt werden kann. ";"1179.94";"76.37";"";"";"";"";"10.6";"";"14.9";"";"51.37";"";"";"";"";"107.86";"";"";"84.42";"";"";"212.91";"";"";"";"";"621.51";"";"";"";""
"54";"";"";"";"";"";"";"";"";"";"";"";"";"";"";"";"";"";"";"";"";"";"";"";"";"";"N/A";"N/A";"N/A";"N/A";"N/A";"N/A";"N/A";"";"";"";"";"";"";"";"";"";"";"";"";"0";"";"";"";"";"";"";"";"";"";"";"";"";"";"";"";"";"";"";"";"";"";"";"";"";"";"";"";"";"";""
"55";"2020-07-14 11:25:53";"Nein";"";"Sehr wichtig";"Sehr viel";"Sehr viel";"Eher wenig";"Eher viel";"Eher viel";"Eher wenig";"";"Die Verfügbarkeit hat sich stark verringert";"Ich habe in den meisten der Veranstaltungen einen Platz erhalten";"Ich konnte die meisten der Veranstaltungen besuchen";"Ja, sie hat sich stark erhöht";"Ja, er hat sich stark erhöht";"Die tatsächliche Arbeitsbelastung ist viel höher als die angesetzte";"Erwartung: AM2, SM1, EM1 in diesem Semester abschließen";"Ja, die Leistungen waren genau so wie erwartet";"Habe meistens Zugang dazu";"Habe immer Zugang dazu";"Habe immer Zugang dazu";"Habe immer Zugang dazu";"Habe immer Zugang dazu";"";"Nein";"Ja";"Nein";"Ja";"Ja";"Ja";"Nein";"";"Hat sich stark verringert";"Hat sich stark verringert";"Hat sich stark verringert";"Hat sich nicht verändert";"Ich bin mit dem Studium etwas überfordert";"Keine Antwort";"Keine Antwort";"Eher zufrieden";"Nein, das Semester war etwas schlechter als erwartet";"Hoffnung: a) Dass Präsenzlehre wieder möglich wird, b) dass einzelne Einrichtungen der Uni wieder öffnen (Bibliothek d. Inst. f. Informatik, UniMensa)
Befürchtung: weiteres digitales WS 2020/21 ohne Präsenzlehre und persönlichen Kontakt zu Studierenden und Lehrenden";"Abgabefristen verlängern (nicht nur für Hausarbeiten, sondern auch für Studienleistungen innerhalb des Semesters)";"357.64";"45.08";"";"";"";"";"5.93";"";"6.05";"";"18.42";"";"";"";"";"63.25";"";"";"12.81";"";"";"70.28";"";"";"";"";"135.82";"";"";"";""
"56";"2020-07-14 14:09:14";"Nein";"";"Sehr wichtig";"Eher wenig";"Eher wenig";"Überhaupt nicht";"Eher wenig";"Überhaupt nicht";"Überhaupt nicht";"";"Die Verfügbarkeit hat sich nicht verändert";"Ich habe in allen der Veranstaltungen einen Platz erhalten";"Ich konnte alle der Veranstaltungen besuchen";"Ja, sie hat sich etwas erhöht";"Nein, er ist gleich geblieben";"Die tatsächliche Arbeitsbelastung ist etwas höher als die angesetzte";"";"Ja, die Leistungen waren genau so wie erwartet";"Habe meistens Zugang dazu";"Habe immer Zugang dazu";"Habe immer Zugang dazu";"Habe immer Zugang dazu";"Habe immer Zugang dazu";"";"Ja";"N/A";"N/A";"N/A";"N/A";"N/A";"N/A";"";"Hat sich nicht verändert";"Hat sich etwas verringert";"Hat sich nicht verändert";"Hat sich etwas erhöht";"Ich bin im Studium weder überfordert, noch unterfordert";"Keine Antwort";"Keine Antwort";"Eher zufrieden";"Ja, das Semester war genau so wie erwartet";"";"";"346.78";"66.7";"";"";"";"";"19.57";"";"55.59";"";"49.71";"";"";"";"";"14.3";"";"";"34.7";"";"";"80.11";"";"";"";"";"26.1";"";"";"";""
"57";"";"";"";"";"";"";"";"";"";"";"";"";"";"";"";"";"";"";"";"";"";"";"";"";"";"N/A";"N/A";"N/A";"N/A";"N/A";"N/A";"N/A";"";"";"";"";"";"";"";"";"";"";"";"";"0";"";"";"";"";"";"";"";"";"";"";"";"";"";"";"";"";"";"";"";"";"";"";"";"";"";"";"";"";"";""
"58";"2020-07-14 14:33:36";"Nein";"";"Eher nicht wichtig";"Eher wenig";"Überhaupt nicht";"Überhaupt nicht";"Überhaupt nicht";"Eher wenig";"Eher wenig";"";"Die Verfügbarkeit hat sich etwas erhöht";"Ich habe in allen der Veranstaltungen einen Platz erhalten";"Ich konnte alle der Veranstaltungen besuchen";"Nein, sie hat sich nicht verändert";"Nein, er ist gleich geblieben";"Die tatsächliche Arbeitsbelastung ist etwas höher als die angesetzte";"";"Ja, die Leistungen waren genau so wie erwartet";"Habe meistens Zugang dazu";"Habe immer Zugang dazu";"Habe immer Zugang dazu";"Habe immer Zugang dazu";"Habe selten Zugang dazu";"";"Ja";"N/A";"N/A";"N/A";"N/A";"N/A";"N/A";"";"Hat sich etwas verringert";"Hat sich etwas erhöht";"Hat sich nicht verändert";"Hat sich stark erhöht";"Ich bin im Studium weder überfordert, noch unterfordert";"Keine Antwort";"Keine Antwort";"Vollkommen zufrieden";"Nein, das Semester war viel besser als erwartet";"";"";"1049.65";"87.14";"";"";"";"";"18.03";"";"11.07";"";"688.86";"";"";"";"";"27.57";"";"";"101.01";"";"";"84";"";"";"";"";"31.97";"";"";"";""
"60";"";"";"";"";"";"";"";"";"";"";"";"";"";"";"";"";"";"";"";"";"";"";"";"";"";"N/A";"N/A";"N/A";"N/A";"N/A";"N/A";"N/A";"";"";"";"";"";"";"";"";"";"";"";"";"0";"";"";"";"";"";"";"";"";"";"";"";"";"";"";"";"";"";"";"";"";"";"";"";"";"";"";"";"";"";""
"61";"";"";"";"";"";"";"";"";"";"";"";"";"";"";"";"";"";"";"";"";"";"";"";"";"";"N/A";"N/A";"N/A";"N/A";"N/A";"N/A";"N/A";"";"";"";"";"";"";"";"";"";"";"";"";"0";"";"";"";"";"";"";"";"";"";"";"";"";"";"";"";"";"";"";"";"";"";"";"";"";"";"";"";"";"";""
"62";"2020-07-14 14:41:25";"Nein";"";"Eher wichtig";"Überhaupt nicht";"Überhaupt nicht";"Überhaupt nicht";"Überhaupt nicht";"Überhaupt nicht";"Überhaupt nicht";"";"Die Verfügbarkeit hat sich etwas erhöht";"Ich habe in allen der Veranstaltungen einen Platz erhalten";"Ich konnte alle der Veranstaltungen besuchen";"Nein, sie hat sich nicht verändert";"Nein, er ist gleich geblieben";"Die tatsächliche und die angesetzte Arbeitsbelastung sind genau gleich";"Ich hatte keine konkreten Erwartungen, bin jedoch davon ausgegangen, dass wir wöchentlich was abgeben müssen, oder die Klausur aufgrund der Umstände online stattfindet.";"Nein, die Leistungen waren etwas besser als erwartet";"Habe immer Zugang dazu";"Habe immer Zugang dazu";"Habe immer Zugang dazu";"Habe immer Zugang dazu";"Habe immer Zugang dazu";"";"Ja";"N/A";"N/A";"N/A";"N/A";"N/A";"N/A";"";"Hat sich etwas erhöht";"Hat sich etwas erhöht";"Hat sich etwas erhöht";"Hat sich etwas erhöht";"Ich bin im Studium weder überfordert, noch unterfordert";"Keine Antwort";"Keine Antwort";"Vollkommen zufrieden";"Ja, das Semester war genau so wie erwartet";"Gar keine! ";"Es wurde alles gut gelöst :)";"508.37";"89.66";"";"";"";"";"19.49";"";"24.42";"";"79.94";"";"";"";"";"93.05";"";"";"38.57";"";"";"76.83";"";"";"";"";"86.41";"";"";"";""
"63";"2020-07-14 15:51:20";"Nein";"";"Eher wichtig";"Eher viel";"Eher viel";"Überhaupt nicht";"Eher wenig";"Überhaupt nicht";"Überhaupt nicht";"";"Die Verfügbarkeit hat sich etwas erhöht";"Ich habe in allen der Veranstaltungen einen Platz erhalten";"Ich konnte alle der Veranstaltungen besuchen";"Ja, sie hat sich etwas erhöht";"Ja, er hat sich etwas erhöht";"Die tatsächliche und die angesetzte Arbeitsbelastung sind genau gleich";"";"Keine Antwort";"Habe meistens Zugang dazu";"Habe immer Zugang dazu";"Habe immer Zugang dazu";"Habe immer Zugang dazu";"Habe immer Zugang dazu";"";"Ja";"N/A";"N/A";"N/A";"N/A";"N/A";"N/A";"";"Hat sich nicht verändert";"Hat sich etwas erhöht";"Hat sich etwas erhöht";"Hat sich stark erhöht";"Ich bin mit dem Studium etwas überfordert";"Keine Antwort";"Keine Antwort";"Eher zufrieden";"Nein, das Semester war etwas besser als erwartet";"";"";"593.09";"220.57";"";"";"";"";"14.01";"";"12.34";"";"157.67";"";"";"";"";"23.94";"";"";"24.11";"";"";"110.56";"";"";"";"";"29.89";"";"";"";""
"64";"2020-07-14 19:14:44";"Nein";"";"Eher wichtig";"Eher wenig";"Eher wenig";"Überhaupt nicht";"Eher wenig";"Eher viel";"Eher wenig";"";"Die Verfügbarkeit hat sich nicht verändert";"Ich habe in allen der Veranstaltungen einen Platz erhalten";"Ich konnte alle der Veranstaltungen besuchen";"Ja, sie hat sich etwas erhöht";"Ja, er hat sich etwas erhöht";"Die tatsächliche Arbeitsbelastung ist etwas höher als die angesetzte";"";"Ja, die Leistungen waren genau so wie erwartet";"Habe selten Zugang dazu";"Habe meistens Zugang dazu";"Habe immer Zugang dazu";"Habe meistens Zugang dazu";"Habe meistens Zugang dazu";"";"Nein";"Nein";"Nein";"Nein";"Nein";"Ja";"Nein";"";"Hat sich nicht verändert";"Hat sich etwas verringert";"Hat sich etwas verringert";"Hat sich etwas verringert";"Ich bin im Studium weder überfordert, noch unterfordert";"Weder noch";"Trifft eher zu";"Vollkommen zufrieden";"Nein, das Semester war etwas schlechter als erwartet";"";"";"522.67";"197.78";"";"";"";"";"41.96";"";"70.03";"";"68.38";"";"";"";"";"18.24";"";"";"23.01";"";"";"69.5";"";"";"";"";"33.77";"";"";"";""
"65";"2020-07-15 08:11:58";"Nein";"";"Eher wichtig";"Eher viel";"Eher viel";"Überhaupt nicht";"Eher wenig";"Eher viel";"Eher wenig";"ILIAS und der Webmail Server waren ständig überlastet";"Die Verfügbarkeit hat sich nicht verändert";"Ich habe in allen der Veranstaltungen einen Platz erhalten";"Ich konnte alle der Veranstaltungen besuchen";"Ja, sie hat sich etwas erhöht";"Nein, er ist gleich geblieben";"Die tatsächliche Arbeitsbelastung ist etwas höher als die angesetzte";"";"Nein, die Leistungen waren etwas besser als erwartet";"Habe meistens Zugang dazu";"Habe immer Zugang dazu";"Habe immer Zugang dazu";"Habe immer Zugang dazu";"Habe immer Zugang dazu";"laute Nachbarn/Hintergrundgeräusche";"Nein";"Ja";"Nein";"Nein";"Nein";"Nein";"Nein";"";"Hat sich nicht verändert";"Hat sich etwas erhöht";"Hat sich etwas verringert";"Hat sich etwas erhöht";"Ich bin mit dem Studium etwas überfordert";"Trifft eher zu";"Weder noch";"Vollkommen zufrieden";"Nein, das Semester war etwas schlechter als erwartet";"Verzögerung in der Planung/Durchführung einer empirischen Masterarbeit ";"Kommunikation mit anderen Instituten der Phil Fak, da nicht alle so gut mit der digitalen Lehre umgegangen sind!";"532.56";"212.53";"";"";"";"";"19.61";"";"9.64";"";"36.23";"";"";"";"";"50.22";"";"";"36.89";"";"";"66.72";"";"";"";"";"100.72";"";"";"";""
"66";"";"Ja";"Youtube";"Sehr wichtig";"Eher viel";"Eher viel";"Eher wenig";"Eher viel";"Eher wenig";"Eher wenig";"";"Die Verfügbarkeit hat sich etwas erhöht";"Ich habe in allen der Veranstaltungen einen Platz erhalten";"Ich konnte die meisten der Veranstaltungen besuchen";"Ja, sie hat sich etwas verringert";"Ja, er hat sich etwas verringert";"Die tatsächliche Arbeitsbelastung ist etwas geringer als die angesetzte";"";"";"";"";"";"";"";"";"N/A";"N/A";"N/A";"N/A";"N/A";"N/A";"N/A";"";"";"";"";"";"";"";"";"";"";"";"";"233.88";"143.04";"";"";"";"";"45.66";"";"5.66";"";"39.52";"";"";"";"";"";"";"";"";"";"";"";"";"";"";"";"";"";"";"";""
"67";"2020-07-15 08:14:47";"Nein";"";"Eher wichtig";"Eher wenig";"Eher wenig";"Überhaupt nicht";"Überhaupt nicht";"Überhaupt nicht";"Überhaupt nicht";"";"Die Verfügbarkeit hat sich nicht verändert";"Ich habe in allen der Veranstaltungen einen Platz erhalten";"Ich konnte alle der Veranstaltungen besuchen";"Ja, sie hat sich etwas verringert";"Keine Antwort";"Keine Antwort";"";"Keine Antwort";"Habe meistens Zugang dazu";"Habe immer Zugang dazu";"Habe meistens Zugang dazu";"Habe meistens Zugang dazu";"Habe immer Zugang dazu";"";"Ja";"N/A";"N/A";"N/A";"N/A";"N/A";"N/A";"";"Hat sich nicht verändert";"Hat sich etwas verringert";"Hat sich nicht verändert";"Hat sich nicht verändert";"Ich bin im Studium weder überfordert, noch unterfordert";"Trifft vollkommen zu";"Trifft eher zu";"Eher zufrieden";"Nein, das Semester war etwas besser als erwartet";"";"";"356.89";"69.43";"";"";"";"";"25.84";"";"18.66";"";"45.89";"";"";"";"";"13.93";"";"";"33.01";"";"";"100.51";"";"";"";"";"49.62";"";"";"";""
"68";"2020-07-15 09:58:58";"Nein";"";"Eher wichtig";"Eher wenig";"Eher wenig";"Eher wenig";"Eher wenig";"Überhaupt nicht";"Überhaupt nicht";"";"Die Verfügbarkeit hat sich etwas erhöht";"Ich habe in allen der Veranstaltungen einen Platz erhalten";"Ich konnte alle der Veranstaltungen besuchen";"Ja, sie hat sich stark erhöht";"Nein, er ist gleich geblieben";"Die tatsächliche Arbeitsbelastung ist etwas höher als die angesetzte";"";"Ja, die Leistungen waren genau so wie erwartet";"Habe meistens Zugang dazu";"Habe immer Zugang dazu";"Habe meistens Zugang dazu";"Habe meistens Zugang dazu";"Habe meistens Zugang dazu";"";"Nein";"Nein";"Nein";"Nein";"Nein";"Ja";"Nein";"";"Hat sich etwas verringert";"Hat sich etwas verringert";"Hat sich etwas verringert";"Hat sich stark erhöht";"Ich bin im Studium weder überfordert, noch unterfordert";"Trifft vollkommen zu";"Weder noch";"Eher zufrieden";"Nein, das Semester war etwas besser als erwartet";"";"";"285.25";"37.29";"";"";"";"";"12.03";"";"12.21";"";"37.72";"";"";"";"";"27.54";"";"";"92.85";"";"";"51.33";"";"";"";"";"14.28";"";"";"";""
"69";"2020-07-15 11:48:44";"Nein";"";"Eher nicht wichtig";"Eher viel";"Überhaupt nicht";"Keine Antwort";"Überhaupt nicht";"Überhaupt nicht";"Überhaupt nicht";"";"Die Verfügbarkeit hat sich nicht verändert";"Ich habe in allen der Veranstaltungen einen Platz erhalten";"Ich konnte alle der Veranstaltungen besuchen";"Ja, sie hat sich stark verringert";"Keine Antwort";"Die tatsächliche Arbeitsbelastung ist etwas geringer als die angesetzte";"";"Ja, die Leistungen waren genau so wie erwartet";"Habe immer Zugang dazu";"Habe immer Zugang dazu";"Habe immer Zugang dazu";"Habe immer Zugang dazu";"Habe immer Zugang dazu";"";"Ja";"N/A";"N/A";"N/A";"N/A";"N/A";"N/A";"";"Hat sich nicht verändert";"Hat sich nicht verändert";"Hat sich etwas erhöht";"Hat sich stark erhöht";"Ich bin im Studium weder überfordert, noch unterfordert";"Keine Antwort";"Keine Antwort";"Vollkommen zufrieden";"Ja, das Semester war genau so wie erwartet";"";"";"282.44";"70.97";"";"";"";"";"20.53";"";"15.87";"";"42.95";"";"";"";"";"33.13";"";"";"22.91";"";"";"55.04";"";"";"";"";"21.04";"";"";"";""
"70";"2020-07-15 14:17:43";"Nein";"";"Eher wichtig";"Überhaupt nicht";"Eher wenig";"Eher wenig";"Eher wenig";"Überhaupt nicht";"Eher wenig";"";"Die Verfügbarkeit hat sich nicht verändert";"Ich habe in allen der Veranstaltungen einen Platz erhalten";"Ich konnte alle der Veranstaltungen besuchen";"Ja, sie hat sich etwas erhöht";"Nein, er ist gleich geblieben";"Die tatsächliche Arbeitsbelastung ist etwas höher als die angesetzte";"Möglichst interaktive Aufgaben statt reines Lesen von Texten";"Nein, die Leistungen waren etwas schlechter als erwartet";"Habe immer Zugang dazu";"Habe immer Zugang dazu";"Habe immer Zugang dazu";"Habe immer Zugang dazu";"Habe immer Zugang dazu";"";"Ja";"N/A";"N/A";"N/A";"N/A";"N/A";"N/A";"";"Hat sich stark erhöht";"Hat sich etwas verringert";"Hat sich etwas verringert";"Hat sich etwas erhöht";"Ich bin mit dem Studium etwas überfordert";"Keine Antwort";"Keine Antwort";"Eher zufrieden";"Nein, das Semester war etwas besser als erwartet";"Durchgängiger Austausch zwischen Dozierenden und Studierenden zur Verbesserung der Lehre.
Kooperation mit anderen Instituten (andere Stellen/Dozierende sind wesentlich schlechter auf digitale Lehre vorbereitet, vor allem in der Humf, hier könnte man Unterstützung anbieten)";"";"476.8";"102.85";"";"";"";"";"16.62";"";"9.04";"";"29.99";"";"";"";"";"71.53";"";"";"16.34";"";"";"81.27";"";"";"";"";"149.16";"";"";"";""
"71";"2020-07-15 14:25:59";"Ja";"Slack, Teams";"Eher wichtig";"Eher viel";"Eher viel";"Überhaupt nicht";"Eher wenig";"Überhaupt nicht";"Überhaupt nicht";"";"Die Verfügbarkeit hat sich nicht verändert";"Ich habe in allen der Veranstaltungen einen Platz erhalten";"Ich konnte alle der Veranstaltungen besuchen";"Ja, sie hat sich etwas verringert";"Nein, er ist gleich geblieben";"Die tatsächliche Arbeitsbelastung ist etwas geringer als die angesetzte";"Meine Masterarbeit kann ich entspannter und intensiver schreiben, da ich die ganze Zeit zu Hause bin.";"Keine Antwort";"Habe immer Zugang dazu";"Habe immer Zugang dazu";"Habe immer Zugang dazu";"Habe immer Zugang dazu";"Habe immer Zugang dazu";"";"Ja";"N/A";"N/A";"N/A";"N/A";"N/A";"N/A";"";"Hat sich nicht verändert";"Hat sich nicht verändert";"Hat sich etwas erhöht";"Hat sich stark erhöht";"Ich bin mit dem Studium etwas überfordert";"Keine Antwort";"Keine Antwort";"Eher zufrieden";"Nein, das Semester war etwas besser als erwartet";"";"Mehr Gruppenarbeiten / Diskussionen mit Komiliton*innen (z.B.) über Zoom, um mit den anderen trotz des Lockdowns zu kommunizieren und zu kooperieren; evtl. Slack (oder ähnliches) als Kommunikationsmittel zwischen Studierenden nutzen";"606.89";"101.33";"";"";"";"";"22.53";"";"14.28";"";"54.69";"";"";"";"";"67.98";"";"";"27.67";"";"";"97.03";"";"";"";"";"221.38";"";"";"";""
"72";"2020-07-19 20:13:50";"Nein";"";"Sehr wichtig";"Eher wenig";"Überhaupt nicht";"Eher wenig";"Eher viel";"Eher viel";"Eher wenig";"";"Die Verfügbarkeit hat sich etwas erhöht";"Ich habe in allen der Veranstaltungen einen Platz erhalten";"Ich konnte die meisten der Veranstaltungen besuchen";"Nein, sie hat sich nicht verändert";"Nein, er ist gleich geblieben";"Die tatsächliche und die angesetzte Arbeitsbelastung sind genau gleich";"";"Ja, die Leistungen waren genau so wie erwartet";"Habe immer Zugang dazu";"Habe immer Zugang dazu";"Habe immer Zugang dazu";"Habe immer Zugang dazu";"Habe immer Zugang dazu";"";"Nein";"Nein";"Nein";"Nein";"Ja";"Nein";"Nein";"";"Hat sich etwas verringert";"Hat sich stark verringert";"Hat sich etwas erhöht";"Hat sich stark erhöht";"Ich bin mit dem Studium etwas überfordert";"Weder noch";"Trifft überhaupt nicht zu";"Eher zufrieden";"Ja, das Semester war genau so wie erwartet";"";"";"246.68";"60.09";"";"";"";"";"9.84";"";"7.3";"";"24.3";"";"";"";"";"9.92";"";"";"20.05";"";"";"100.89";"";"";"";"";"14.29";"";"";"";""
"73";"2020-07-20 20:06:01";"Ja";"Skype";"Eher wichtig";"Eher viel";"Keine Antwort";"Überhaupt nicht";"Eher viel";"Überhaupt nicht";"Überhaupt nicht";"schwacher Laptop hängt sich manchmal auf, wenn mehrere Anwendungen geöffnet sind (z.B. Discord, Browser und Office)";"Die Verfügbarkeit hat sich etwas verringert";"Ich habe in allen der Veranstaltungen einen Platz erhalten";"Ich konnte alle der Veranstaltungen besuchen";"Nein, sie hat sich nicht verändert";"Keine Antwort";"Keine Antwort";"";"Ja, die Leistungen waren genau so wie erwartet";"Habe immer Zugang dazu";"Habe meistens Zugang dazu";"Habe immer Zugang dazu";"Habe immer Zugang dazu";"Habe immer Zugang dazu";"";"Nein";"Nein";"Nein";"Nein";"Nein";"Ja";"Nein";"";"Hat sich etwas verringert";"Hat sich stark verringert";"Hat sich etwas verringert";"Hat sich etwas erhöht";"Ich bin mit dem Studium etwas überfordert";"Trifft eher zu";"Trifft überhaupt nicht zu";"Eher zufrieden";"Nein, das Semester war etwas besser als erwartet";"geringe Motivation ohne Präsenzveranstaltungen";"";"443.66";"128.9";"";"";"";"";"13.48";"";"8.94";"";"26.67";"";"";"";"";"13.13";"";"";"21.51";"";"";"145.91";"";"";"";"";"85.12";"";"";"";""
"74";"";"";"";"";"";"";"";"";"";"";"";"";"";"";"";"";"";"";"";"";"";"";"";"";"";"N/A";"N/A";"N/A";"N/A";"N/A";"N/A";"N/A";"";"";"";"";"";"";"";"";"";"";"";"";"0";"";"";"";"";"";"";"";"";"";"";"";"";"";"";"";"";"";"";"";"";"";"";"";"";"";"";"";"";"";""
"75";"2020-07-24 09:28:52";"Ja";"Zoom, Riot";"Sehr wichtig";"Überhaupt nicht";"Überhaupt nicht";"Überhaupt nicht";"Überhaupt nicht";"Eher viel";"Überhaupt nicht";"ILIAS war teilweise gar nicht möglich zu öffnen";"Keine Antwort";"Ich habe in allen der Veranstaltungen einen Platz erhalten";"Ich konnte alle der Veranstaltungen besuchen";"Nein, sie hat sich nicht verändert";"Nein, er ist gleich geblieben";"Die tatsächliche und die angesetzte Arbeitsbelastung sind genau gleich";"";"Ja, die Leistungen waren genau so wie erwartet";"Habe meistens Zugang dazu";"Habe immer Zugang dazu";"Habe immer Zugang dazu";"Habe immer Zugang dazu";"Habe immer Zugang dazu";"";"Ja";"N/A";"N/A";"N/A";"N/A";"N/A";"N/A";"";"Hat sich stark verringert";"Hat sich etwas verringert";"Hat sich nicht verändert";"Hat sich etwas erhöht";"Ich bin im Studium weder überfordert, noch unterfordert";"Trifft vollkommen zu";"Keine Antwort";"Vollkommen zufrieden";"Nein, das Semester war etwas besser als erwartet";"";"";"485.73";"106.29";"";"";"";"";"21.13";"";"11.48";"";"50.58";"";"";"";"";"100.46";"";"";"37.66";"";"";"77.78";"";"";"";"";"80.35";"";"";"";""

